<?xml version="1.0" encoding="UTF-8"?>
<project-private xmlns="http://www.netbeans.org/ns/project-private/1">
    <editor-bookmarks xmlns="http://www.netbeans.org/ns/editor-bookmarks/2" lastBookmarkId="0"/>
    <open-files xmlns="http://www.netbeans.org/ns/projectui-open-files/2">
        <group>
            <file>file:/E:/ESCRITORIO/PROYECTOHDP/VC18061_/web/Entregas/TblEntrega.xhtml</file>
            <file>file:/E:/ESCRITORIO/PROYECTOHDP/VC18061_/src/java/controladores/EntregaBeans.java</file>
        </group>
    </open-files>
</project-private>
